id,Umsatz
1808011,168.25805812330444
1808021,161.37771000523134
1808031,165.04548039038443
1808041,209.94277585212905
1808051,228.79726573534285
1808061,166.4558046345477
1808071,153.21240249193949
1808081,154.80739001552013
1808091,169.5001111305708
1808101,179.39064952128393
1808111,219.2248336756767
1808121,225.48272464418338
1808131,158.02432484121556
1808141,159.3650896819105
1808151,163.8560586001924
1808161,157.19040904823368
1808171,168.31399860599663
1808181,218.8207574125107
1808191,193.19460652395065
1808201,136.61272576943713
1808211,131.66802371490715
1808221,119.71374057294176
1808231,138.19656572121514
1808241,139.92556175414705
1808251,174.5694035413971
1808261,195.77033409442254
1808271,129.7625230593668
1808281,129.1401640484383
1808291,129.78667293083555
1808301,130.9954941378701
1808311,140.8854684499471
1809011,128.0001568287874
1809021,137.81937274493683
1809031,76.31665723746535
1809041,76.1112745481253
1809051,76.01814970089308
1809061,81.17844666759612
1809071,79.12680541767638
1809081,122.25181827527308
1809091,135.97864496320918
1809101,77.48759835058866
1809111,67.86195990162446
1809121,66.79775310975046
1809131,79.23496997659595
1809141,83.04310189446628
1809151,116.15034581640039
1809161,127.3328440589396
1809171,73.36752611236457
1809181,68.2376034234776
1809191,70.35221617959975
1809201,77.69598036865027
1809211,71.90282887950897
1809221,121.70962382820767
1809231,131.2437168739349
1809241,71.58559232828327
1809251,66.00366275595994
1809261,63.027090708416566
1809271,74.9792870040884
1809281,76.63140542242692
1809291,120.94035776218857
1809301,129.56344800416224
1810011,90.70479425729928
1810021,86.65527283723875
1810031,163.08919244033794
1810041,87.04977436596414
1810051,99.42629081292921
1810061,137.72976996220746
1810071,150.25527319727559
1810081,90.1675682823896
1810091,92.26792477124343
1810101,90.55808521333964
1810111,97.14822436761872
1810121,100.66844199906856
1810131,144.48502196336784
1810141,155.7470443463565
1810151,96.28615958700769
1810161,93.12698745304465
1810171,94.43253944697469
1810181,96.11504510849741
1810191,99.04979616128269
1810201,107.65816247162658
1810211,115.15103569563149
1810221,56.033354946652885
1810231,49.18019116603905
1810241,53.3823757721055
1810251,58.86131590478308
1810261,55.08933080163703
1810271,105.42358845694281
1810281,116.74704942015482
1810291,52.80123931365741
1810301,48.32125999255131
1811011,34.38452860379619
1811021,39.63730811839582
1811031,84.08206983230701
1811041,90.66725451543418
1811051,30.3412465175322
1811061,27.033947475359668
1811071,28.524335780117404
1811081,34.61808739429825
1811091,33.22129861220156
1811101,80.51692172909897
1811111,85.56545327144639
1811121,27.013632010046592
1811131,28.691190174501386
1811141,28.570533506561517
1811151,36.03381764236312
1811161,39.6504200064216
1811171,84.98706333172075
1811181,90.52338306323117
1811191,31.65300125582334
1811201,28.288854429166186
1811211,27.513973393069428
1811221,31.947491424129012
1811231,34.92447135641976
1811241,77.9329394108362
1811251,86.6769336587972
1811261,27.473830946311224
1811271,26.206739266853248
1811281,29.78532901549511
1811291,25.935834635148524
1811301,35.93359219396205
1812011,75.47373529373043
1812021,80.20444556698659
1812031,26.732762708571563
1812041,29.646141892576466
1812051,28.787650796024245
1812061,28.852537430278446
1812071,28.24271830509153
1812081,73.90470127889664
1812091,88.02345749068468
1812101,32.07680052322839
1812111,29.56046871115764
1812121,25.95415688673485
1812131,30.99743548415296
1812141,34.3570435653279
1812151,77.42911351766153
1812161,86.23664652902183
1812171,24.669707634567814
1812181,22.276434616336985
1812191,21.597737463466864
1812201,27.09782090898851
1812211,59.39575501798904
1812221,109.06561944789618
1812231,113.31743191929482
1812241,60.04314809151748
1812271,62.31753379807089
1812281,66.18779186890495
1812291,106.5814125940602
1812301,122.64323768276753
1812311,60.48410281622825
1901021,55.441407933409835
1901031,56.855879811607075
1901041,56.511558410736036
1901051,69.72519499614523
1901061,76.70453397466187
1901071,16.759610533235076
1901081,19.054918002419804
1901091,20.67116391156462
1901101,21.8443606323138
1901111,26.657689315517686
1901121,64.05441271915782
1901131,75.45132174551927
1901141,21.963476888849712
1901151,12.000753617505438
1901161,16.374948174259657
1901171,18.23344245727101
1901181,27.773713891406146
1901191,72.5115540921109
1901201,81.40934057722212
1901211,19.284367681115285
1901221,16.814725787274583
1901231,17.195002729531197
1901241,19.448101502820492
1901251,22.160681772957076
1901261,59.888639050361775
1901271,68.2445427603028
1901281,15.287367861405471
1901291,16.99686614643501
1901301,18.793553904649514
1901311,20.19259300945582
1902011,49.5114323623893
1902021,92.55586624100094
1902031,102.65796509865255
1902041,41.907873594664935
1902051,39.924563911441865
1902061,35.48025611819739
1902071,41.14618416529598
1902081,48.76610442618215
1902091,89.17923916631098
1902101,98.41466605429699
1902111,46.71364341624263
1902121,44.528594301887566
1902131,41.31747869852725
1902141,48.52902007556118
1902151,51.41706411789529
1902161,96.86102906890669
1902171,105.74743615404795
1902181,46.66485641523069
1902191,44.998744385901645
1902201,44.30363276544031
1902211,48.887852970101775
1902221,54.36437554472988
1902231,96.2419965662668
1902241,104.40892996127997
1902251,44.309649814412765
1902261,41.9166102404117
1902271,43.255201614833425
1902281,52.601613367285765
1903011,39.737485615272064
1903021,83.03212563149503
1903031,88.56058874256084
1903041,30.534275873671078
1903051,31.114246638610553
1903061,22.7660865092234
1903071,35.411145428031936
1903081,43.21720169146943
1903091,82.67575375014437
1903101,93.60831718689704
1903111,29.251887987236053
1903121,26.607751162973976
1903131,23.517518834286193
1903141,28.672028962084603
1903151,34.01073233532092
1903161,75.35979835784475
1903171,94.25404273835275
1903181,31.620870855413415
1903191,30.547539757175286
1903211,33.76727134519487
1903221,35.41382596725313
1903231,84.38896519197297
1903241,94.52580670801427
1903251,35.478405935877575
1903261,29.931903562427102
1903271,29.001088898814082
1903281,32.735439927750505
1903291,40.25567159344291
1903301,90.64481680715234
1903311,96.16987066806156
1904011,46.013147687466
1904021,41.613434365032994
1904041,76.82489086599674
1904051,81.72373964955716
1904061,124.93477739641486
1904071,133.25470715573957
1904081,77.74123648167041
1904091,76.57673248729424
1904101,75.76044615913159
1904111,77.84252957142103
1904121,82.48286114592699
1904131,118.97365960352727
1904141,131.0663469807859
1904151,72.92799822417012
1904161,71.31360637387718
1904171,70.99894604690421
1904181,76.5564622668283
1904201,93.53200945049423
1904211,111.16278853315654
1904221,128.90164009998705
1904231,43.363269946474226
1904241,48.27744530855958
1904251,55.03045915508867
1904261,47.177498115218576
1904271,100.22269789139482
1904281,102.13067226447527
1904291,46.802697057428304
1904301,48.627847845457936
1905021,64.18783232066204
1905031,70.95660485623304
1905041,109.7121612899934
1905051,120.369182440373
1905061,57.24293002673814
1905071,58.68171083036327
1905081,53.84262771565892
1905091,65.49741695409011
1905101,66.88082441343505
1905111,111.6993401421857
1905121,122.30635701571906
1905131,62.696209422414526
1905141,56.80073531994867
1905151,60.045548461734526
1905161,58.62991088766877
1905171,66.91972932885005
1905181,114.75128733642126
1905191,121.41055109615621
1905201,66.91709947424064
1905211,61.193266870702644
1905221,58.217941897257575
1905231,71.81809358115518
1905241,76.34314523947924
1905251,113.58465162024004
1905261,117.1905099050289
1905271,71.3115900514549
1905281,62.17313864227331
1905291,60.14840359637593
1905301,134.74136513342947
1905311,105.71540590975951
1906011,128.47854936087333
1906021,135.3586914866497
1906031,76.15208572521969
1906041,78.14018276480321
1906051,77.91779537439342
1906061,79.05799846185502
1906071,88.6548843568624
1906081,129.72425009071614
1906091,140.65101625404202
1906101,151.16528477393334
1906111,71.40241592947808
1906121,75.11282659451146
1906131,82.81866016046439
1906141,79.73966400416245
1906151,125.1614213538281
1906161,140.00640230330515
1906171,80.2325891180551
1906181,66.35869402186006
1906191,65.15163639091982
1906201,85.87876739919875
1906211,90.31750032219553
1906221,168.73469764252738
1906231,176.20956058001505
1906241,114.8489234733342
1906251,99.44055022816804
1906261,101.95108879002967
1906271,123.63001885645744
1906281,124.47818275554977
1906291,165.36192997139293
1906301,162.43640240900945
1907011,147.67432789158764
1907021,144.73776707656677
1907031,143.54565577311047
1907041,144.35615123426652
1907051,146.2995296756086
1907061,189.8241333631151
1907071,192.4771209675747
1907081,139.07598604475572
1907091,136.55232599509608
1907111,136.21556927916964
1907121,140.6511581833323
1907131,185.98423465513434
1907141,199.9634859269092
1907151,140.85968707973475
1907161,139.38648374372173
1907171,137.9947680534343
1907181,142.07277323709565
1907191,148.21971897364782
1907201,184.3456994076019
1907211,201.5556857632065
1907221,137.0539271062115
1907231,126.62151964071812
1907241,128.01474295337317
1907251,133.45725178109268
1907261,140.1838084757747
1907271,201.1355936133785
1907281,205.53129666457306
1907291,129.85498516070777
1907301,136.40636711162875
1808012,456.5829965921372
1808022,449.7026484740642
1808032,453.37041885921724
1808042,498.26771432096183
1808052,517.1222042041757
1808062,454.7807431033805
1808072,441.53734096077227
1808082,443.1323284843529
1808092,457.82504959940354
1808102,467.7155879901167
1808112,507.5497721445095
1808122,513.8076631130161
1808132,446.34926331004834
1808142,447.6900281507433
1808152,452.1809970690252
1808162,445.51534751706646
1808172,456.6389370748294
1808182,507.1456958813435
1808192,481.5195449927835
1808202,424.9376642382699
1808212,419.9929621837399
1808222,408.03867904177457
1808232,426.52150419004795
1808242,428.25050022297984
1808252,462.8943420102299
1808262,484.0952725632553
1808272,418.0874615281996
1808282,417.465102517271
1808292,418.1116113996684
1808302,419.32043260670287
1808312,429.2104069187799
1809012,416.32509529762024
1809022,426.14431121376964
1809032,364.6415957062981
1809042,364.43621301695805
1809052,364.3430881697259
1809062,369.5033851364289
1809072,367.4517438865092
1809082,410.57675674410586
1809092,424.303583432042
1809102,365.81253681942144
1809112,356.18689837045724
1809122,355.1226915785833
1809132,367.55990844542873
1809142,371.3680403632991
1809152,404.47528428523316
1809162,415.6577825277724
1809172,361.6924645811974
1809182,356.5625418923104
1809192,358.6771546484325
1809202,366.02091883748307
1809212,360.2277673483418
1809222,410.03456229704045
1809232,419.56865534276767
1809242,359.91053079711605
1809252,354.3286012247927
1809262,351.35202917724934
1809272,363.3042254729212
1809282,364.95634389125973
1809292,409.26529623102135
1809302,417.888386472995
1810012,379.0297327261321
1810022,374.9802113060715
1810032,451.41413090917075
1810042,375.3747128347969
1810052,387.751229281762
1810062,426.05470843104024
1810072,438.58021166610837
1810082,378.49250675122244
1810092,380.5928632400762
1810102,378.8830236821724
1810112,385.4731628364515
1810122,388.9933804679014
1810132,432.8099604322007
1810142,444.07198281518936
1810152,384.61109805584044
1810162,381.45192592187743
1810172,382.7574779158075
1810182,384.43998357733017
1810192,387.3747346301154
1810202,395.9831009404594
1810212,403.4759741644643
1810222,344.3582934154857
1810232,337.5051296348718
1810242,341.70731424093833
1810252,347.1862543736159
1810262,343.41426927046984
1810272,393.74852692577565
1810282,405.0719878889876
1810292,341.12617778249023
1810302,336.6461984613841
1811012,322.70946707262897
1811022,327.9622465872286
1811032,372.4070083011398
1811042,378.992192984267
1811052,318.666184986365
1811062,315.3588859441925
1811072,316.8492742489502
1811082,322.943025863131
1811092,321.54623708103435
1811102,368.84186019793174
1811112,373.89039174027914
1811122,315.3385704788794
1811132,317.0161286433342
1811142,316.8954719753943
1811152,324.35875611119593
1811162,327.9753584752544
1811172,373.31200180055356
1811182,378.84832153206395
1811192,319.97793972465615
1811202,316.61379289799896
1811212,315.8389118619022
1811222,320.2724298929618
1811232,323.24940982525254
1811242,366.25787787966897
1811252,375.00187212763
1811262,315.798769415144
1811272,314.531677735686
1811282,318.1102674843279
1811292,314.2607731039813
1811302,324.25853066279484
1812012,363.7986737625632
1812022,368.52938403581936
1812032,315.0577011774044
1812042,317.9710803614093
1812052,317.112589264857
1812062,317.17747589911124
1812072,316.56765677392434
1812082,362.22963974772944
1812092,376.34839595951746
1812102,320.4017389920612
1812112,317.88540717999047
1812122,314.2790953555677
1812132,319.3223739529858
1812142,322.6819820341607
1812152,365.75405198649435
1812162,374.5615849978546
1812172,312.9946461034006
1812182,310.60137308516977
1812192,309.9226759322997
1812202,315.4227593778213
1812212,347.7206934868218
1812222,397.390557916729
1812232,401.6423703881276
1812242,348.3680865603503
1812272,350.6424722669037
1812282,354.51273033773776
1812292,394.906351062893
1812302,410.96817615160035
1812312,348.8090412850611
1901022,343.7663464022426
1901032,345.1808182804399
1901042,344.8364968795688
1901052,358.050133464978
1901062,365.0294724434947
1901072,305.0845490020679
1901082,307.3798564712526
1901092,308.9961023803974
1901102,310.1692991011466
1901112,314.9826277843505
1901122,352.3793511879906
1901132,363.7762602143521
1901142,310.2884153576825
1901152,300.3256920863382
1901162,304.69988664309244
1901172,306.5583809261038
1901182,316.09865236023893
1901192,360.83649256094367
1901202,369.7342790460549
1901212,307.60930614994805
1901222,305.1396642561074
1901232,305.519941198364
1901242,307.77303997165325
1901252,310.4856202417899
1901262,348.2135775191946
1901272,356.5694812291356
1901282,303.61230633023825
1901292,305.3218046152678
1901302,307.1184923734823
1901312,308.5175314782886
1902012,337.8363708312221
1902022,380.8808047098337
1902032,390.9829035674853
1902042,330.23281206349776
1902052,328.2495023802747
1902062,323.8051945870302
1902072,329.4711226341288
1902082,337.091042895015
1902092,377.5041776351438
1902102,386.73960452312974
1902112,335.0385818850755
1902122,332.8535327707204
1902132,329.64241716736007
1902142,336.853958544394
1902152,339.7420025867281
1902162,385.1859675377395
1902172,394.0723746228807
1902182,334.9897948840635
1902192,333.3236828547344
1902202,332.6285712342731
1902212,337.2127914389346
1902222,342.6893140135627
1902232,384.5669350350996
1902242,392.73386843011275
1902252,332.6345882832456
1902262,330.2415487092445
1902272,331.58014008366627
1902282,340.92655183611856
1903012,328.0624240841048
1903022,371.3570641003278
1903032,376.88552721139365
1903042,318.8592143425039
1903052,319.43918510744334
1903062,311.0910249780562
1903072,323.7360838968647
1903082,331.5421401603022
1903092,371.0006922189772
1903102,381.93325565572985
1903112,317.57682645606883
1903122,314.9326896318068
1903132,311.842457303119
1903142,316.9969674309174
1903152,322.3356708041537
1903162,363.6847368266775
1903172,382.5789812071855
1903182,319.9458093242462
1903192,318.87247822600807
1903212,322.0922098140277
1903222,323.73876443608594
1903232,372.7139036608057
1903242,382.85074517684706
1903252,323.8033444047104
1903262,318.2568420312599
1903272,317.3260273676469
1903282,321.0603783965833
1903292,328.5806100622757
1903302,378.96975527598516
1903312,384.49480913689433
1904012,334.33808615629874
1904022,329.93837283386574
1904042,365.1498293348295
1904052,370.04867811838994
1904062,413.2597158652476
1904072,421.5796456245723
1904082,366.0661749505032
1904092,364.90167095612696
1904102,364.08538462796434
1904112,366.16746804025377
1904122,370.80779961475974
1904132,407.29859807236005
1904142,419.3912854496187
1904152,361.2529366930029
1904162,359.63854484270996
1904172,359.32388451573695
1904182,364.88140073566103
1904202,381.856947919327
1904212,399.48772700198936
1904222,417.22657856881983
1904232,331.688208415307
1904242,336.6023837773924
1904252,343.3553976239215
1904262,335.50243658405134
1904272,388.5476363602276
1904282,390.45561073330805
1904292,335.1276355262611
1904302,336.95278631429073
1905022,352.5127707894948
1905032,359.28154332506585
1905042,398.0370997588262
1905052,408.69412090920576
1905062,345.5678684955709
1905072,347.00664929919606
1905082,342.1675661844917
1905092,353.8223554229229
1905102,355.20576288226783
1905112,400.0242786110185
1905122,410.6312954845518
1905132,351.0211478912473
1905142,345.12567378878146
1905152,348.3704869305673
1905162,346.95484935650154
1905172,355.24466779768284
1905182,403.076225805254
1905192,409.73548956498894
1905202,355.2420379430734
1905212,349.51820533953537
1905222,346.54288036609034
1905232,360.14303204998794
1905242,364.668083708312
1905252,401.9095900890728
1905262,405.51544837386166
1905272,359.63652852028764
1905282,350.4980771111061
1905292,348.4733420652087
1905302,423.0663036022622
1905312,394.0403443785923
1906012,416.8034878297061
1906022,423.6836299554825
1906032,364.4770241940525
1906042,366.465121233636
1906052,366.24273384322623
1906062,367.38293693068783
1906072,376.97982282569524
1906082,418.04918855954895
1906092,428.9759547228748
1906102,439.49022324276615
1906112,359.7273543983109
1906122,363.4377650633443
1906132,371.14359862929723
1906142,368.06460247299526
1906152,413.4863598226609
1906162,428.33134077213793
1906172,368.5575275868879
1906182,354.68363249069284
1906192,353.4765748597526
1906202,374.20370586803153
1906212,378.6424387910283
1906222,457.0596361113602
1906232,464.53449904884786
1906242,403.17386194216704
1906252,387.7654886970009
1906262,390.2760272588625
1906272,411.95495732529025
1906282,412.8031212243826
1906292,453.68686844022574
1906302,450.7613408778422
1907012,435.99926636042045
1907022,433.0627055453995
1907032,431.87059424194325
1907042,432.6810897030993
1907052,434.6244681444414
1907062,478.14907183194794
1907072,480.8020594364075
1907082,427.4009245135885
1907092,424.87726446392884
1907112,424.54050774800237
1907122,428.9760966521651
1907132,474.3091731239672
1907142,488.28842439574197
1907152,429.1846255485675
1907162,427.71142221255457
1907172,426.3197065222671
1907182,430.3977117059285
1907192,436.5446574424806
1907202,472.67063787643474
1907212,489.8806242320393
1907222,425.3788655750443
1907232,414.9464581095509
1907242,416.33968142220596
1907252,421.78219024992546
1907262,428.5087469446075
1907272,489.46053208221133
1907282,493.85623513340585
1907292,418.17992362954055
1907302,424.7313055804616
1808013,211.06569684236914
1808023,204.18534872429606
1808033,207.85311910944912
1808043,252.75041457119374
1808053,271.6049044544076
1808063,209.26344335361244
1808073,196.02004121100418
1808083,197.61502873458488
1808093,212.30774984963548
1808103,222.19828824034863
1808113,262.0324723947415
1808123,268.29036336324805
1808133,200.83196356028026
1808143,202.1727284009752
1808153,206.66369731925715
1808163,199.99804776729837
1808173,211.12163732506133
1808183,261.6283961315754
1808193,236.0022452430154
1808203,179.42036448850183
1808213,174.47566243397188
1808223,162.52137929200651
1808233,181.00420444027984
1808243,182.7332004732118
1808253,217.3770422604618
1808263,238.5779728134872
1808273,172.5701617784315
1808283,171.94780276750296
1808293,172.59431164990028
1808303,173.80313285693484
1808313,183.6931071690118
1809013,170.80779554785215
1809023,180.62701146400158
1809033,119.12429595653005
1809043,118.91891326719005
1809053,118.82578841995783
1809063,123.98608538666082
1809073,121.93444413674108
1809083,165.05945699433784
1809093,178.78628368227388
1809103,120.29523706965335
1809113,110.66959862068916
1809123,109.60539182881516
1809133,122.04260869566065
1809143,125.85074061353097
1809153,158.95798453546507
1809163,170.1404827780043
1809173,116.17516483142929
1809183,111.04524214254229
1809193,113.15985489866445
1809203,120.50361908771497
1809213,114.71046759857367
1809223,164.51726254727242
1809233,174.05135559299958
1809243,114.39323104734797
1809253,108.81130147502469
1809263,105.83472942748126
1809273,117.7869257231531
1809283,119.43904414149168
1809293,163.74799648125327
1809303,172.371086723227
1810013,133.51243297636398
1810023,129.46291155630345
1810033,205.8968311594026
1810043,129.85741308502884
1810053,142.23392953199397
1810063,180.5374086812722
1810073,193.06291191634034
1810083,132.9752070014543
1810093,135.07556349030813
1810103,133.3657239324044
1810113,139.95586308668342
1810123,143.47608071813326
1810133,187.29266068243254
1810143,198.5546830654212
1810153,139.0937983060724
1810163,135.93462617210938
1810173,137.24017816603939
1810183,138.9226838275621
1810193,141.85743488034745
1810203,150.46580119069128
1810213,157.9586744146962
1810223,98.84099366571758
1810233,91.98782988510378
1810243,96.1900144911702
1810253,101.66895462384778
1810263,97.89696952070179
1810273,148.2312271760075
1810283,159.5546881392196
1810293,95.60887803272217
1810303,91.128898711616
1811013,77.19216732286088
1811023,82.44494683746052
1811033,126.88970855137171
1811043,133.4748932344989
1811053,73.1488852365969
1811063,69.8415861944244
1811073,71.33197449918211
1811083,77.42572611336296
1811093,76.02893733126626
1811103,123.32456044816367
1811113,128.37309199051106
1811123,69.82127072911129
1811133,71.49882889356608
1811143,71.37817222562622
1811153,78.84145636142784
1811163,82.4580587254863
1811173,127.79470205078545
1811183,133.33102178229586
1811193,74.46063997488807
1811203,71.09649314823089
1811213,70.32161211213416
1811223,74.75513014319374
1811233,77.73211007548446
1811243,120.7405781299009
1811253,129.4845723778619
1811263,70.28146966537595
1811273,69.01437798591797
1811283,72.5929677345598
1811293,68.74347335421322
1811303,78.74123091302677
1812013,118.28137401279513
1812023,123.01208428605129
1812033,69.54040142763625
1812043,72.45378061164116
1812053,71.59528951508894
1812063,71.66017614934314
1812073,71.05035702415623
1812083,116.71233999796134
1812093,130.83109620974943
1812103,74.88443924229315
1812113,72.36810743022234
1812123,68.76179560579955
1812133,73.80507420321766
1812143,77.1646822843926
1812153,120.23675223672623
1812163,129.0442852480865
1812173,67.4773463536325
1812183,65.08407333540168
1812193,64.40537618253157
1812203,69.9054596280532
1812213,102.20339373705374
1812223,151.87325816696088
1812233,156.12507063835952
1812243,102.85078681058218
1812273,105.12517251713564
1812283,108.99543058796965
1812293,149.3890513131249
1812303,165.45087640183223
1812313,103.29174153529294
1901023,98.24904665247453
1901033,99.66351853067178
1901043,99.31919712980078
1901053,112.53283371520993
1901063,119.51217269372663
1901073,59.567249252299774
1901083,61.86255672148455
1901093,63.478802630629374
1901103,64.6519993513785
1901113,69.46532803458244
1901123,106.86205143822252
1901133,118.25896046458402
1901143,64.77111560791441
1901153,54.80839233657014
1901163,59.182586893324356
1901173,61.04108117633571
1901183,70.5813526104709
1901193,115.31919281117565
1901203,124.2169792962869
1901213,62.09200640018004
1901223,59.62236450633928
1901233,60.002641448595895
1901243,62.25574022188519
1901253,64.96832049202177
1901263,102.69627776942653
1901273,111.05218147936756
1901283,58.09500658047017
1901293,59.80450486549978
1901303,61.60119262371421
1901313,63.00023172852052
1902013,92.319071081454
1902023,135.36350496006563
1902033,145.46560381771724
1902043,84.71551231372963
1902053,82.73220263050656
1902063,78.28789483726209
1902073,83.95382288436068
1902083,91.57374314524685
1902093,131.9868778853757
1902103,141.22230477336174
1902113,89.52128213530739
1902123,87.33623302095226
1902133,84.12511741759195
1902143,91.33665879462588
1902153,94.22470283695999
1902163,139.6686677879714
1902173,148.55507487311263
1902183,89.47249513429539
1902193,87.80638310496634
1902203,87.11127148450501
1902213,91.69549168916647
1902223,97.17201426379458
1902233,139.0496352853315
1902243,147.21656868034466
1902253,87.11728853347752
1902263,84.7242489594764
1902273,86.06284033389818
1902283,95.40925208635046
1903013,82.54512433433679
1903023,125.83976435055972
1903033,131.36822746162554
1903043,73.34191459273578
1903053,73.92188535767525
1903063,65.57372522828813
1903073,78.21878414709663
1903083,86.02484041053415
1903093,125.4833924692091
1903103,136.41595590596177
1903113,72.05952670630074
1903123,69.4153898820387
1903133,66.32515755335092
1903143,71.47966768114932
1903153,76.81837105438562
1903163,118.16743707690945
1903173,137.06168145741748
1903183,74.42850957447814
1903193,73.35517847623998
1903213,76.57491006425957
1903223,78.22146468631783
1903233,127.19660391103773
1903243,137.333445427079
1903253,78.2860446549423
1903263,72.73954228149181
1903273,71.8087276178788
1903283,75.5430786468152
1903293,83.06331031250764
1903303,133.45245552621702
1903313,138.9775093871263
1904013,88.8207864065307
1904023,84.42107308409769
1904043,119.63252958506143
1904053,124.53137836862186
1904063,167.74241611547956
1904073,176.06234587480427
1904083,120.54887520073511
1904093,119.38437120635894
1904103,118.56808487819629
1904113,120.65016829048572
1904123,125.29049986499169
1904133,161.78129832259197
1904143,173.8739856998506
1904153,115.73563694323482
1904163,114.12124509294188
1904173,113.80658476596896
1904183,119.364100985893
1904203,136.33964816955893
1904213,153.9704272522213
1904223,171.70927881905175
1904233,86.17090866553893
1904243,91.08508402762428
1904253,97.83809787415336
1904263,89.98513683428334
1904273,143.03033661045953
1904283,144.93831098353996
1904293,89.61033577649306
1904303,91.43548656452263
1905023,106.99547103972674
1905033,113.76424357529775
1905043,152.51980000905814
1905053,163.17682115943768
1905063,100.05056874580289
1905073,101.48934954942797
1905083,96.65026643472362
1905093,108.30505567315481
1905103,109.6884631324998
1905113,154.5069788612504
1905123,165.11399573478377
1905133,105.50384814147928
1905143,99.60837403901337
1905153,102.85318718079922
1905163,101.43754960673347
1905173,109.72736804791475
1905183,157.55892605548595
1905193,164.21818981522097
1905203,109.72473819330534
1905213,104.00090558976734
1905223,101.02558061632227
1905233,114.62573230021988
1905243,119.15078395854394
1905253,156.3922903393048
1905263,159.99814862409366
1905273,114.1192287705196
1905283,104.980777361338
1905293,102.95604231544063
1905303,177.54900385249422
1905313,148.5230446288242
1906013,171.28618807993803
1906023,178.1663302057144
1906033,118.95972444428439
1906043,120.94782148386791
1906053,120.72543409345812
1906063,121.86563718091972
1906073,131.46252307592715
1906083,172.5318888097809
1906093,183.45865497310672
1906103,193.97292349299804
1906113,114.21005464854278
1906123,117.92046531357616
1906133,125.62629887952909
1906143,122.54730272322715
1906153,167.9690600728928
1906163,182.8140410223699
1906173,123.0402278371198
1906183,109.16633274092476
1906193,107.95927510998452
1906203,128.68640611826345
1906213,133.12513904126024
1906223,211.54233636159213
1906233,219.01719929907975
1906243,157.6565621923989
1906253,142.24818894723276
1906263,144.75872750909443
1906273,166.43765757552214
1906283,167.28582147461447
1906293,208.16956869045762
1906303,205.24404112807414
1907013,190.48196661065234
1907023,187.54540579563147
1907033,186.35329449217517
1907043,187.16378995333122
1907053,189.1071683946733
1907063,232.63177208217985
1907073,235.2847596866394
1907083,181.88362476382042
1907093,179.35996471416078
1907113,179.02320799823434
1907123,183.45879690239707
1907133,228.79187337419904
1907143,242.77112464597388
1907153,183.66732579879945
1907163,182.19412246278642
1907173,180.802406772499
1907183,184.8804119561604
1907193,191.02735769271257
1907203,227.15333812666665
1907213,244.3633244822712
1907223,179.86156582527624
1907233,169.4291583597829
1907243,170.82238167243787
1907253,176.26489050015738
1907263,182.99144719483945
1907273,243.94323233244322
1907283,248.3389353836378
1907293,172.66262387977253
1907303,179.2140058306935
1808014,135.8403186909429
1808024,128.9599705728698
1808034,132.62774095802286
1808044,177.5250364197675
1808054,196.3795263029813
1808064,134.03806520218615
1808074,120.79466305957794
1808084,122.38965058315857
1808094,137.08237169820924
1808104,146.9729100889224
1808114,186.80709424331516
1808124,193.06498521182183
1808134,125.60658540885402
1808144,126.94735024954893
1808154,131.43831916783088
1808164,124.7726696158721
1808174,135.8962591736351
1808184,186.40301798014914
1808194,160.7768670915891
1808204,104.19498633707558
1808214,99.2502842825456
1808224,87.29600114058019
1808234,105.7788262888536
1808244,107.50782232178551
1808254,142.15166410903555
1808264,163.35259466206097
1808274,97.34478362700526
1808284,96.72242461607674
1808294,97.36893349847402
1808304,98.57775470550857
1808314,108.46772901758557
1809014,95.58241739642585
1809024,105.40163331257527
1809034,43.8989178051038
1809044,43.69353511576374
1809054,43.60041026853153
1809064,48.76070723523456
1809074,46.70906598531484
1809084,89.83407884291155
1809094,103.56090553084763
1809104,45.06985891822711
1809114,35.44422046926291
1809124,34.3800136773889
1809134,46.817230544234405
1809144,50.62536246210473
1809154,83.73260638403886
1809164,94.91510462657806
1809174,40.94978668000303
1809184,35.819863991116044
1809194,37.93447674723821
1809204,45.278240936288725
1809214,39.485089447147445
1809224,89.29188439584613
1809234,98.82597744157334
1809244,39.16785289592173
1809254,33.58592332359841
1809264,30.609351276055012
1809274,42.561547571726855
1809284,44.213665990065394
1809294,88.52261832982703
1809304,97.14570857180068
1810014,58.287054824937755
1810024,54.237533404877226
1810034,130.6714530079764
1810044,54.6320349336026
1810054,67.00855138056765
1810064,105.31203052984593
1810074,117.83753376491401
1810084,57.74982885002805
1810094,59.8501853388819
1810104,58.140345780978095
1810114,64.73048493525717
1810124,68.25070256670702
1810134,112.06728253100628
1810144,123.32930491399493
1810154,63.868420154646145
1810164,60.70924802068312
1810174,62.014800014613144
1810184,63.69730567613588
1810194,66.63205672892114
1810204,75.24042303926504
1810214,82.73329626326995
1810224,23.615615514291342
1810234,16.762451733677494
1810244,20.964636339743947
1810254,26.443576472421547
1810264,22.671591369275493
1810274,73.00584902458128
1810284,84.32930998779327
1810294,20.383499881295876
1810304,15.903520560189769
1811014,1.9667891714346482
1811024,7.219568686034279
1811034,51.66433039994547
1811044,58.24951508307264
1811054,0.0
1811064,0.0
1811074,0.0
1811084,2.200347961936707
1811094,0.8035591798400166
1811104,48.099182296737425
1811114,53.14771383908484
1811124,0.0
1811134,0.0
1811144,0.0
1811154,3.616078210001575
1811164,7.232680574060055
1811174,52.569323899359205
1811184,58.105643630869615
1811194,0.0
1811204,0.0
1811214,0.0
1811224,0.0
1811234,2.5067319240582187
1811244,45.515199978474655
1811254,54.25919422643565
1811264,0.0
1811274,0.0
1811284,0.0
1811294,0.0
1811304,3.515852761600506
1812014,43.055995861368885
1812024,47.78670613462505
1812034,0.0
1812044,0.0
1812054,0.0
1812064,0.0
1812074,0.0
1812084,41.486961846535095
1812094,55.605718058323134
1812104,0.0
1812114,0.0
1812124,0.0
1812134,0.0
1812144,1.939304132966356
1812154,45.011374085299984
1812164,53.81890709666029
1812174,0.0
1812184,0.0
1812194,0.0
1812204,0.0
1812214,26.978015585627496
1812224,76.64788001553464
1812234,80.89969248693328
1812244,27.625408659155923
1812274,29.899794365709347
1812284,33.770052436543416
1812294,74.16367316169865
1812304,90.22549825040599
1901024,23.023668501048284
1901034,24.438140379245525
1901044,24.0938189783745
1901054,37.30745556378369
1901064,44.28679454230032
1901074,0.0
1901084,0.0
1901094,0.0
1901104,0.0
1901114,0.0
1901124,31.636673286796288
1901134,43.03358231315772
1901144,0.0
1901154,0.0
1901164,0.0
1901174,0.0
1901184,0.0
1901194,40.09381465974935
1901204,48.99160114486058
1901214,0.0
1901224,0.0
1901234,0.0
1901244,0.0
1901254,0.0
1901264,27.470899618000225
1901274,35.82680332794125
1901284,0.0
1901294,0.0
1901304,0.0
1901314,0.0
1902014,17.093692930027753
1902024,60.138126808639385
1902034,70.240225666291
1902044,9.490134162303384
1902054,7.5068244790803185
1902064,3.0625166858358384
1902074,8.728444732934427
1902084,16.34836499382062
1902094,56.76149973394945
1902104,65.99692662193544
1902114,14.295903983881093
1902124,12.11085486952603
1902134,8.8997392661657
1902144,16.11128064319964
1902154,18.999324685533743
1902164,64.44328963654516
1902174,73.3296967216864
1902184,14.247116982869148
1902194,12.581004953540113
1902204,11.885893333078759
1902214,16.47011353774024
1902224,21.946636112368335
1902234,63.82425713390526
1902244,71.99119052891842
1902254,11.891910382051229
1902264,9.498870808050167
1902274,10.837462182471874
1902284,20.18387393492422
1903014,7.319746182910521
1903024,50.614386199133484
1903034,56.142849310199296
1903044,0.0
1903054,0.0
1903064,0.0
1903074,2.9934059956703933
1903084,10.799462259107885
1903094,50.25801431778282
1903104,61.190577754535504
1903114,0.0
1903124,0.0
1903134,0.0
1903144,0.0
1903154,1.5929929029593755
1903164,42.94205892548321
1903174,61.8363033059912
1903184,0.0
1903194,0.0
1903214,1.3495319128333279
1903224,2.9960865348915853
1903234,51.971225759611436
1903244,62.10806727565272
1903254,3.0606665035160283
1903264,0.0
1903274,0.0
1903284,0.31770049538896217
1903294,7.8379321610813655
1903304,58.227077374790795
1903314,63.75213123570002
1904014,13.595408255104466
1904024,9.195694932671458
1904044,44.40715143363521
1904054,49.30600021719562
1904064,92.51703796405332
1904074,100.83696772337802
1904084,45.32349704930888
1904094,44.158993054932694
1904104,43.34270672677004
1904114,45.42479013905949
1904124,50.06512171356545
1904134,86.55592017116572
1904144,98.64860754842438
1904154,40.510258791808596
1904164,38.89586694151564
1904174,38.58120661454267
1904184,44.13872283446677
1904204,61.1142700181327
1904214,78.745049100795
1904224,96.4839006676255
1904234,10.94553051411269
1904244,15.859705876198035
1904254,22.612719722727128
1904264,14.75975868285704
1904274,67.80495845903329
1904284,69.71293283211372
1904294,14.384957625066772
1904304,16.2101084130964
1905024,31.770092888300503
1905034,38.53886542387151
1905044,77.29442185763187
1905054,87.95144300801144
1905064,24.8251905943766
1905074,26.263971398001736
1905084,21.42488828329739
1905094,33.07967752172856
1905104,34.46308498107351
1905114,79.28160070982416
1905124,89.8886175833575
1905134,30.278469990052987
1905144,24.382995887587132
1905154,27.627809029372976
1905164,26.212171455307228
1905174,34.50198989648851
1905184,82.33354790405971
1905194,88.99281166379467
1905204,34.4993600418791
1905214,28.7755274383411
1905224,25.80020246489602
1905234,39.40035414879364
1905244,43.9254058071177
1905254,81.1669121878785
1905264,84.77277047266735
1905274,38.893850619093364
1905284,29.75539920991177
1905294,27.730664164014378
1905304,102.32362570106793
1905314,73.29766647739797
1906014,96.0608099285118
1906024,102.94095205428816
1906034,43.73434629285815
1906044,45.72244333244168
1906054,45.50005594203188
1906064,46.64025902949348
1906074,56.23714492450087
1906084,97.3065106583546
1906094,108.23327682168048
1906104,118.7475453415718
1906114,38.984676497116546
1906124,42.6950871621499
1906134,50.40092072810283
1906144,47.32192457180092
1906154,92.74368192146657
1906164,107.58866287094361
1906174,47.81484968569356
1906184,33.94095458949852
1906194,32.73389695855826
1906204,53.46102796683721
1906214,57.899760889833985
1906224,136.31695821016584
1906234,143.7918211476535
1906244,82.43118404097267
1906254,67.02281079580649
1906264,69.53334935766813
1906274,91.2122794240959
1906284,92.06044332318822
1906294,132.94419053903138
1906304,130.01866297664787
1907014,115.2565884592261
1907024,112.32002764420523
1907034,111.12791634074892
1907044,111.93841180190496
1907054,113.88179024324702
1907064,157.40639393075355
1907074,160.05938153521316
1907084,106.65824661239418
1907094,104.13458656273454
1907114,103.79782984680807
1907124,108.23341875097076
1907134,153.5664952227728
1907144,167.54574649454761
1907154,108.4419476473732
1907164,106.96874431136018
1907174,105.57702862107276
1907184,109.65503380473409
1907194,115.80197954128627
1907204,151.92795997524036
1907214,169.13794633084495
1907224,104.63618767384993
1907234,94.20378020835659
1907244,95.59700352101162
1907254,101.03951234873117
1907264,107.76606904341315
1907274,168.71785418101697
1907284,173.1135572322115
1907294,97.43724572834623
1907304,103.98862767926721
1808015,324.07656825747347
1808025,317.1962201394004
1808035,320.8639905245534
1808045,365.76128598629805
1808055,384.6157758695119
1808065,322.27431476871675
1808075,309.0309126261085
1808085,310.62590014968913
1808095,325.3186212647398
1808105,335.20915965545294
1808115,375.04334380984574
1808125,381.3012347783524
1808135,313.84283497538456
1808145,315.18359981607955
1808155,319.6745687343614
1808165,313.0089191824027
1808175,324.1325087401657
1808185,374.6392675466797
1808195,349.01311665811966
1808205,292.4312359036062
1808215,287.4865338490762
1808225,275.53225070711073
1808235,294.01507585538417
1808245,295.74407188831606
1808255,330.3879136755661
1808265,351.58884422859154
1808275,285.58103319353586
1808285,284.9586741826073
1808295,285.6051830650046
1808305,286.81400427203914
1808315,296.70397858411616
1809015,283.81866696295646
1809025,293.63788287910586
1809035,232.1351673716344
1809045,231.92978468229433
1809055,231.8366598350621
1809065,236.99695680176515
1809075,234.9453155518454
1809085,278.0703284094421
1809095,291.7971550973782
1809105,233.3061084847577
1809115,223.6804700357935
1809125,222.61626324391946
1809135,235.05348011076498
1809145,238.8616120286353
1809155,271.9688559505694
1809165,283.1513541931086
1809175,229.1860362465336
1809185,224.05611355764663
1809195,226.1707263137688
1809205,233.51449050281929
1809215,227.72133901367798
1809225,277.52813396237667
1809235,287.0622270081039
1809245,227.40410246245227
1809255,221.82217289012894
1809265,218.84560084258555
1809275,230.79779713825744
1809285,232.44991555659593
1809295,276.7588678963576
1809305,285.38195813833124
1810015,246.52330439146832
1810025,242.4737829714078
1810035,318.90770257450697
1810045,242.86828450013317
1810055,255.2448009470982
1810065,293.54828009637646
1810075,306.0737833314446
1810085,245.98607841655863
1810095,248.08643490541243
1810105,246.37659534750864
1810115,252.96673450178773
1810125,256.48695213323754
1810135,300.3035320975369
1810145,311.5655544805255
1810155,252.1046697211767
1810165,248.94549758721365
1810175,250.2510495811437
1810185,251.93355524266642
1810195,254.8683062954517
1810205,263.47667260579556
1810215,270.9695458298005
1810225,211.8518650808219
1810235,204.9987013002081
1810245,209.20088590627455
1810255,214.67982603895211
1810265,210.90784093580606
1810275,261.24209859111187
1810285,272.56555955432384
1810295,208.61974944782645
1810305,204.13977012672035
1811015,190.20303873796522
1811025,195.45581825256485
1811035,239.90057996647602
1811045,246.4857646496032
1811055,186.15975665170123
1811065,182.8524576095287
1811075,184.34284591428644
1811085,190.4365975284673
1811095,189.0398087463706
1811105,236.33543186326796
1811115,241.38396340561536
1811125,182.83214214421562
1811135,184.5097003086704
1811145,184.3890436407305
1811155,191.85232777653215
1811165,195.46893014059063
1811175,240.80557346588978
1811185,246.34189319740017
1811195,187.47151138999237
1811205,184.10736456333524
1811215,183.33248352723842
1811225,187.766001558298
1811235,190.7429814905888
1811245,233.7514495450052
1811255,242.4954437929662
1811265,183.29234108048024
1811275,182.02524940102228
1811285,185.60383914966414
1811295,181.75434476931756
1811305,191.75210232813106
1812015,231.29224542789945
1812025,236.02295570115558
1812035,182.5512728427406
1812045,185.4646520267455
1812055,184.60616093019325
1812065,184.67104756444746
1812075,184.06122843926056
1812085,229.72321141306566
1812095,243.84196762485368
1812105,187.89531065739743
1812115,185.37897884532669
1812125,181.7726670209039
1812135,186.815945618322
1812145,190.17555369949693
1812155,233.24762365183057
1812165,242.05515666319081
1812175,180.48821776873683
1812185,178.09494475050602
1812195,177.4162475976359
1812205,182.91633104315753
1812215,215.21426515215808
1812225,264.88412958206516
1812235,269.13594205346385
1812245,215.8616582256865
1812275,218.13604393223991
1812285,222.00630200307398
1812295,262.39992272822917
1812305,278.4617478169365
1812315,216.30261295039728
1901025,211.25991806757884
1901035,212.67438994577608
1901045,212.33006854490503
1901055,225.54370513031424
1901065,232.52304410883087
1901075,172.57812066740408
1901085,174.8734281365888
1901095,176.48967404573364
1901105,177.6628707664828
1901115,182.4761994496867
1901125,219.87292285332683
1901135,231.26983187968827
1901145,177.7819870230187
1901155,167.81926375167444
1901165,172.19345830842866
1901175,174.05195259144
1901185,183.59222402557515
1901195,228.3300642262799
1901205,237.22785071139114
1901215,175.10287781528427
1901225,172.6332359214436
1901235,173.0135128637002
1901245,175.2666116369895
1901255,177.97919190712608
1901265,215.70714918453078
1901275,224.0630528944718
1901285,171.10587799557447
1901295,172.81537628060403
1901305,174.61206403881852
1901315,176.01110314362484
1902015,205.32994249655832
1902025,248.37437637516993
1902035,258.47647523282154
1902045,197.72638372883398
1902055,195.7430740456109
1902065,191.29876625236642
1902075,196.964694299465
1902085,204.58461456035118
1902095,244.99774930048
1902105,254.233176188466
1902115,202.53215355041166
1902125,200.3471044360566
1902135,197.13598883269628
1902145,204.34753020973022
1902155,207.23557425206434
1902165,252.6795392030757
1902175,261.56594628821694
1902185,202.4833665493997
1902195,200.81725452007066
1902205,200.12214289960934
1902215,204.7063631042708
1902225,210.1828856788989
1902235,252.0605067004358
1902245,260.22744009544897
1902255,200.1281599485818
1902265,197.73512037458073
1902275,199.07371174900246
1902285,208.42012350145478
1903015,195.55599574944108
1903025,238.85063576566404
1903035,244.37909887672984
1903045,186.3527860078401
1903055,186.93275677277958
1903065,178.58459664339244
1903075,191.22965556220095
1903085,199.03571182563846
1903095,238.49426388431337
1903105,249.42682732106607
1903115,185.07039812140505
1903125,182.42626129714301
1903135,179.33602896845522
1903145,184.49053909625363
1903155,189.82924246948994
1903165,231.17830849201374
1903175,250.07255287252175
1903185,187.43938098958245
1903195,186.36604989134432
1903215,189.5857814793639
1903225,191.23233610142216
1903235,240.20747532614197
1903245,250.34431684218328
1903255,191.29691607004662
1903265,185.75041369659613
1903275,184.8195990329831
1903285,188.55395006191952
1903295,196.07418172761194
1903305,246.46332694132138
1903315,251.98838080223055
1904015,201.83165782163502
1904025,197.431944499202
1904045,232.64340100016574
1904055,237.54224978372616
1904065,280.75328753058386
1904075,289.0732172899086
1904085,233.5597466158394
1904095,232.39524262146324
1904105,231.5789562933006
1904115,233.66103970559004
1904125,238.301371280096
1904135,274.7921697376963
1904145,286.88485711495497
1904155,228.74650835833913
1904165,227.13211650804618
1904175,226.81745618107323
1904185,232.3749724009973
1904205,249.35051958466326
1904215,266.9812986673255
1904225,284.72015023415605
1904235,199.18178008064325
1904245,204.0959554427286
1904255,210.8489692892577
1904265,202.9960082493876
1904275,256.04120802556383
1904285,257.94918239864427
1904295,202.6212071915973
1904305,204.44635797962695
1905025,220.00634245483107
1905035,226.77511499040207
1905045,265.53067142416245
1905055,276.18769257454204
1905065,213.06144016090718
1905075,214.5002209645323
1905085,209.66113784982795
1905095,221.31592708825914
1905105,222.69933454760408
1905115,267.51785027635475
1905125,278.1248671498881
1905135,218.51471955658354
1905145,212.6192454541177
1905155,215.86405859590354
1905165,214.44842102183782
1905175,222.73823946301908
1905185,270.5697974705903
1905195,277.2290612303252
1905205,222.73560960840967
1905215,217.01177700487167
1905225,214.03645203142662
1905235,227.6366037153242
1905245,232.16165537364827
1905255,269.4031617544091
1905265,273.00902003919794
1905275,227.13010018562392
1905285,217.99164877644233
1905295,215.96691373054495
1905305,290.5598752675985
1905315,261.53391604392857
1906015,284.29705949504233
1906025,291.17720162081866
1906035,231.9705958593887
1906045,233.95869289897223
1906055,233.73630550856245
1906065,234.87650859602405
1906075,244.47339449103143
1906085,285.5427602248851
1906095,296.469526388211
1906105,306.98379490810237
1906115,227.2209260636471
1906125,230.9313367286805
1906135,238.63717029463342
1906145,235.55817413833148
1906155,280.9799314879971
1906165,295.82491243747415
1906175,236.05109925222413
1906185,222.17720415602906
1906195,220.9701465250888
1906205,241.69727753336778
1906215,246.13601045636455
1906225,324.5532077766964
1906235,332.0280707141841
1906245,270.66743360750326
1906255,255.25906036233704
1906265,257.7695989241987
1906275,279.44852899062647
1906285,280.2966928897188
1906295,321.18044010556196
1906305,318.2549125431785
1907015,303.49283802575667
1907025,300.55627721073574
1907035,299.36416590727947
1907045,300.1746613684355
1907055,302.1180398097776
1907065,345.6426434972841
1907075,348.2956311017437
1907085,294.8944961789247
1907095,292.37083612926506
1907115,292.03407941333865
1907125,296.4696683175013
1907135,341.80274478930335
1907145,355.7819960610782
1907155,296.6781972139038
1907165,295.20499387789073
1907175,293.8132781876033
1907185,297.89128337126465
1907195,304.03822910781685
1907205,340.1642095417709
1907215,357.37419589737556
1907225,292.87243724038046
1907235,282.44002977488714
1907245,283.8332530875422
1907255,289.2757619152617
1907265,296.0023186099437
1907275,356.95410374754755
1907285,361.34980679874207
1907295,285.6734952948768
1907305,292.22487724579776
1811016,12.073286618701871
1811026,17.32606613330151
1811036,61.7708278472127
1811046,68.35601253033987
1811056,8.030004532437886
1811066,4.722705490265355
1811076,6.2130937950230845
1811086,12.306845409203945
1811096,10.910056627107252
1811106,58.205679744004655
1811116,63.25421128635206
1811126,4.70239002495228
1811136,6.379948189407074
1811146,6.259291521467205
1811156,13.722575657268806
1811166,17.339178021327285
1811176,62.675821346626435
1811186,68.21214107813685
1811196,9.341759270729028
1811206,5.97761244407188
1811216,5.202731407975122
1811226,9.6362494390347
1811236,12.613229371325446
1811246,55.621697425741885
1811256,64.36569167370288
1811266,5.162588961216912
1811276,3.895497281758935
1811286,7.474087030400796
1811296,3.624592650054211
1811306,13.62235020886773
1812016,53.16249330863612
1812026,57.89320358189228
1812036,4.421520723477251
1812046,7.334899907482146
1812056,6.476408810929932
1812066,6.54129544518414
1812076,5.931476319997209
1812086,51.59345929380233
1812096,65.71221550559036
1812106,9.765558538134073
1812116,7.249226726063327
1812126,3.6429149016405304
1812136,8.686193499058646
1812146,12.045801580233586
1812156,55.11787153256722
1812166,63.92540454392751
1812176,2.3584656494735015
1812186,0.0
1812196,0.0
1812206,4.786578923894197
1812216,37.084513032894726
1812226,86.75437746280187
1812236,91.0061899342005
1812246,37.73190610642317
1812276,40.00629181297663
1812286,43.87654988381064
